{
    "root_group": {
        "groups": {},
        "checks": {
                "status is 200": {
                    "passes": 1290096,
                    "fails": 0,
                    "name": "status is 200",
                    "path": "::status is 200",
                    "id": "6210a8cd14cd70477eba5c5e4cb3fb5f"
                }
            },
        "name": "",
        "path": "",
        "id": "d41d8cd98f00b204e9800998ecf8427e"
    },
    "metrics": {
        "http_req_connecting": {
            "min": 0,
            "med": 0,
            "max": 4783.709,
            "p(90)": 0,
            "p(95)": 0,
            "avg": 0.15970922032158846
        },
        "vus_max": {
            "min": 500,
            "max": 500,
            "value": 500
        },
        "http_req_failed": {
            "passes": 0,
            "fails": 1290096,
            "thresholds": {
                "rate<0.01": false
            },
            "value": 0
        },
        "checks": {
            "passes": 1290096,
            "fails": 0,
            "value": 1
        },
        "vus": {
            "value": 1,
            "min": 1,
            "max": 499
        },
        "http_reqs": {
            "count": 1290096,
            "rate": 2687.661285359043
        },
        "iterations": {
            "rate": 2687.661285359043,
            "count": 1290096
        },
        "http_req_blocked": {
            "p(95)": 0,
            "avg": 0.16636318878595072,
            "min": 0,
            "med": 0,
            "max": 4783.709,
            "p(90)": 0
        },
        "data_sent": {
            "count": 114818544,
            "rate": 239201.85439695485
        },
        "http_req_waiting": {
            "p(90)": 129.42405000000002,
            "p(95)": 148.59185,
            "avg": 84.65285913637345,
            "min": 0,
            "med": 78.6335,
            "max": 4773.1737
        },
        "data_received": {
            "count": 1666798767,
            "rate": 3472447.412091882
        },
        "http_req_tls_handshaking": {
            "avg": 0,
            "min": 0,
            "med": 0,
            "max": 0,
            "p(90)": 0,
            "p(95)": 0
        },
        "iteration_duration": {
            "avg": 92.90471697741961,
            "min": 0,
            "med": 79.92814999999999,
            "max": 10085.0572,
            "p(90)": 135.03355,
            "p(95)": 181.8901
        },
        "http_req_duration": {
            "max": 10083.9278,
            "p(90)": 134.627,
            "p(95)": 178.763475,
            "avg": 92.49536930701433,
            "min": 0,
            "med": 79.674,
            "thresholds": {
                "p(95)<500": false
            }
        },
        "http_req_duration{expected_response:true}": {
            "min": 0,
            "med": 79.674,
            "max": 10083.9278,
            "p(90)": 134.627,
            "p(95)": 178.763475,
            "avg": 92.49536930701433
        },
        "http_req_sending": {
            "p(95)": 0,
            "avg": 0.029474333537969306,
            "min": 0,
            "med": 0,
            "max": 273.8427,
            "p(90)": 0
        },
        "http_req_receiving": {
            "max": 9962.5237,
            "p(90)": 2.0796,
            "p(95)": 6.1671,
            "avg": 7.813035837100104,
            "min": 0,
            "med": 0
        }
    }
}