{
    "root_group": {
        "name": "",
        "path": "",
        "id": "d41d8cd98f00b204e9800998ecf8427e",
        "groups": {},
        "checks": {
                "status is 200": {
                    "name": "status is 200",
                    "path": "::status is 200",
                    "id": "6210a8cd14cd70477eba5c5e4cb3fb5f",
                    "passes": 612454,
                    "fails": 0
                }
            }
    },
    "metrics": {
        "vus": {
            "value": 1,
            "min": 1,
            "max": 199
        },
        "vus_max": {
            "min": 200,
            "max": 200,
            "value": 200
        },
        "http_req_connecting": {
            "avg": 0.036730117690471464,
            "min": 0,
            "med": 0,
            "max": 1019.1615,
            "p(90)": 0,
            "p(95)": 0
        },
        "http_req_tls_handshaking": {
            "p(95)": 0,
            "avg": 0,
            "min": 0,
            "med": 0,
            "max": 0,
            "p(90)": 0
        },
        "checks": {
            "passes": 612454,
            "fails": 0,
            "value": 1
        },
        "data_sent": {
            "count": 54508406,
            "rate": 227113.55563867677
        },
        "http_req_blocked": {
            "avg": 0.04090168126912391,
            "min": 0,
            "med": 0,
            "max": 1019.1615,
            "p(90)": 0,
            "p(95)": 0
        },
        "http_reqs": {
            "count": 612454,
            "rate": 2551.837703805357
        },
        "iterations": {
            "count": 612454,
            "rate": 2551.837703805357
        },
        "http_req_duration": {
            "avg": 34.05301160478975,
            "min": 0,
            "med": 30.0682,
            "max": 1119.8202,
            "p(90)": 61.32267,
            "p(95)": 65.4332,
            "thresholds": {
                "p(95)<500": false
            }
        },
        "http_req_duration{expected_response:true}": {
            "avg": 34.05301160478975,
            "min": 0,
            "med": 30.0682,
            "max": 1119.8202,
            "p(90)": 61.32267,
            "p(95)": 65.4332
        },
        "http_req_sending": {
            "p(95)": 0,
            "avg": 0.015793454038997193,
            "min": 0,
            "med": 0,
            "max": 101.5626,
            "p(90)": 0
        },
        "http_req_waiting": {
            "med": 29.381,
            "max": 1119.8202,
            "p(90)": 60.54527,
            "p(95)": 64.67524999999998,
            "avg": 33.36359124342366,
            "min": 0
        },
        "http_req_receiving": {
            "min": 0,
            "med": 0,
            "max": 150.4922,
            "p(90)": 1.6738,
            "p(95)": 3.086334999999998,
            "avg": 0.6736269073269031
        },
        "http_req_failed": {
            "passes": 0,
            "fails": 612454,
            "thresholds": {
                "rate<0.01": false
            },
            "value": 0
        },
        "iteration_duration": {
            "med": 30.228450000000002,
            "max": 1120.6681,
            "p(90)": 61.4719,
            "p(95)": 65.5886,
            "avg": 34.22598964428386,
            "min": 0
        },
        "data_received": {
            "count": 791287978,
            "rate": 3296963.5218780576
        }
    }
}